simulation_num,N,moves,seconds,word_count,word_list
1,2,24,0.1567,0,
2,2,18,0.1505,0,
3,2,30,0.1581,0,
4,2,33,0.1605,5,BO;TO;BOT;OX;BOX
5,2,47,0.164,15,ANY;NAM;NA;MA;NAY;MAN;AM;MY;MANY;MAY;AN;YA;AY;MYNA;YAM
6,2,30,0.1558,2,QI;PI
7,2,18,0.1509,0,
8,2,32,0.1561,3,IF;MI;FIZ
9,2,40,0.1647,4,BI;BIB;LIB;LI
10,2,20,0.151,0,
11,2,27,0.1553,1,SKY
12,2,30,0.1556,3,HUH;XU;UH
13,2,40,0.1631,6,IF;LI;FIB;LIB;BI;FIL
14,2,38,0.1602,3,KID;KI;ID
15,2,20,0.1527,0,
16,2,16,0.1487,0,
17,2,18,0.1505,0,
18,2,20,0.1523,0,
19,2,34,0.1579,4,DIP;VID;ID;PI
20,2,18,0.1503,0,
21,2,33,0.1589,2,ZIG;CIG
22,2,28,0.155,2,HM;SH
23,2,56,0.1731,8,NO;GOON;GOO;NOO;GO;ONO;NOG;ON
24,2,18,0.1503,0,
25,2,16,0.1514,0,
26,2,30,0.1551,0,
27,2,45,0.1618,8,LAW;CLAW;AL;AW;CAW;LA;LAC;AWL
28,2,46,0.165,6,LAY;AY;YA;AL;LA;YAY
29,2,22,0.1525,0,
30,2,37,0.165,2,SHY;SH
31,2,44,0.1634,11,PAL;LAP;NA;PA;PAN;ALP;PLAN;AN;AL;LA;NAP
32,2,35,0.1592,1,ES
33,2,34,0.1574,0,
34,2,24,0.1523,0,
35,2,43,0.164,3,GEY;GUY;YE
36,2,16,0.1519,0,
37,2,36,0.1552,2,AE;AI
38,2,31,0.1554,3,BI;BY;XI
39,2,36,0.1581,4,XU;JEUX;EX;JEU
40,2,40,0.1606,7,RAY;AR;RYA;YAR;ZA;YA;AY
41,2,50,0.172,5,IRE;REI;ER;RE;ERR
42,2,35,0.1595,4,LUX;GUL;XU;LUG
43,2,34,0.1581,4,ZERK;ER;RE;ZEK
44,2,24,0.1538,0,
45,2,20,0.1508,0,
46,2,47,0.1646,12,OM;MA;LO;MOL;AM;LOAM;MO;MOLA;LAM;AL;LA;MOA
47,2,32,0.1569,3,ZAP;ZA;PA
48,2,28,0.1607,0,
49,2,35,0.1623,1,HYP
50,2,38,0.1598,5,EF;EL;FE;LEV;ELF
51,3,340,0.2181,21,MI;UM;MURK;CUR;KAMI;AIM;CUM;UMIAK;MA;AI;RUMAKI;AMU;MU;AMI;MIC;KA;CRU;AM;CWM;RUM;KI
52,3,408,0.2423,21,RUE;THRU;RUES;SH;HE;TRUE;SECT;UH;HURT;ES;SEC;HUE;HES;THE;HUES;SHE;ECRU;TRUES;ECHT;CRU;EH
53,3,142,0.1746,11,RAJ;AR;CRAW;WAR;JAR;WARK;JAW;RAW;ARC;AW;ARK
54,3,107,0.1732,2,MO;OM
55,3,510,0.288,35,KAURI;TAROK;LO;OKRA;ORA;OI;TARO;TAU;KORAI;KOR;AIRT;ORT;AR;AI;RIA;ART;KART;TRIO;KAT;AT;RAI;OR;KA;KORAT;ZORI;IRK;KOI;OKA;KORA;TRIOL;AIR;RAT;TA;ARK;TAR
56,3,98,0.1731,2,BY;PYX
57,3,228,0.2152,7,BO;BE;EH;CHEZ;OE;HE;OBE
58,3,103,0.1724,0,
59,3,236,0.2079,14,MOG;BO;OM;LOG;LO;MOB;MO;MOL;GO;BLOG;GOB;MOM;BOG;LOB
60,3,111,0.1868,0,
61,3,313,0.2269,23,TYIN;HI;THIN;HYP;WHY;WHIN;BY;THINK;WINK;INK;WYN;WHINY;KIN;HINKY;WINY;YIN;PYIN;WIN;INKY;THY;IN;HIN;KI
62,3,183,0.1813,15,JAB;PI;IGG;JABS;PA;BIG;GIB;BAP;GIP;PIG;GIBS;BA;AB;ABS;BI
63,3,197,0.1867,8,ACYL;AWN;WAWL;AW;CAW;PLY;AWL;WAW
64,3,90,0.1659,1,XU
65,3,168,0.1888,3,QI;KI;SPY
66,3,455,0.2632,34,RAN;RAJ;XU;WAR;PUR;PAR;UP;AX;PAWN;AW;JAUP;NAP;PA;JAR;WAN;UNAU;PAX;UN;WAX;AR;RAX;PAN;NU;PAW;AN;AWN;WAP;RAP;JAW;RUN;NA;NAW;WAUR;RAW
67,3,205,0.1958,3,WHY;WIRY;WRY
68,3,322,0.2185,24,GOT;OUT;GO;TOFU;YOU;YO;TOY;JO;TOG;GOY;OY;UT;JOG;JOY;OF;FOU;TO;FOG;OFT;FOGGY;FOGY;FOY;JOT;GOUT
69,3,128,0.1791,1,UH
70,3,264,0.2023,18,FA;FAYS;NA;ZAS;NAY;SAY;FAY;FAS;JAY;FAN;NAYS;AN;JAYS;YA;AS;ZA;AYS;AY
71,3,729,0.3653,56,GEL;TEN;GENRO;LEG;URGE;TELL;LO;NEG;GO;ERUGO;OGLER;OLE;TERN;NEROL;NET;GURNET;LOG;ET;OGRE;ELL;GELT;ENROLL;GORE;OGLE;ROLL;REG;TEL;EL;GLEN;ERGO;LOGE;ENG;EN;NE;ORE;RE;OUR;GET;OR;GOR;RET;LOUR;ERG;URN;ENROL;ER;LORN;EGO;RUG;LORE;LET;ROLE;ERN;ROUGE;TEG;GEN
72,3,151,0.2122,6,JUT;TUB;XU;BUT;UT;TUX
73,3,91,0.165,2,BY;BYS
74,3,312,0.2106,8,XU;CUE;KUE;JUG;JEU;EGG;JEUX;EX
75,3,318,0.2074,18,EH;HUH;HYP;DUPE;DUE;DUP;HEP;HUP;UP;YUP;HYPE;DUH;PUD;HE;PE;HUE;UH;PEH
76,3,112,0.1691,5,RYA;DAY;AD;YA;AY
77,3,296,0.2175,6,XI;NIX;IN;ZIN;RIN;ZINC
78,3,350,0.224,14,STATS;SAT;STAT;TASS;TAT;TAS;ASS;AT;TATS;AS;STY;ATT;TA;TASTY
79,3,329,0.2122,13,BO;OF;BUB;OM;MOB;MO;FUB;FOB;BULB;BUBO;BOB;BOMB;BLUB
80,3,320,0.2177,15,BEAD;BE;DAZE;BICE;ACE;ICH;DACE;BEACH;CAD;AD;AE;ZA;ICE;BI;EACH
81,3,229,0.1925,22,FORM;OMS;MOJO;FRO;FORME;JO;FEMS;ME;EF;OM;OF;OE;FEM;OR;ORS;FOR;JOE;FE;MO;EM;EMS;FORMS
82,3,170,0.1812,5,LI;XI;XU;ILK;CUB
83,3,116,0.1684,7,TO;GOT;JO;JOT;GO;TOG;JOG
84,3,82,0.163,0,
85,3,232,0.1879,25,JAG;BA;AX;AG;TAG;TAX;TAD;GAT;TA;AB;CAB;BAD;JAB;BAT;GAD;TAB;CAD;CAT;AD;TAJ;AT;BAG;DAB;GAB;DAG
86,3,506,0.2612,17,OH;NO;ON;HOOD;OD;NOO;NOD;HON;OHO;NOH;NOON;HOD;OOH;ONO;DON;DO;HO
87,3,500,0.2686,44,ANE;CAIN;TIN;AIT;IT;KNIT;WE;NICE;TIC;ANT;ACNE;WENT;ANTI;CINE;CENT;NEW;ANTIC;NIT;ANI;KIT;INK;KINA;KIN;NE;EN;TINE;CAN;ANEW;AI;AIN;AN;CANT;KNEW;NA;ACE;KINE;TI;IN;WEN;ENTIA;ICE;NEWT;KI;CANE
88,3,439,0.252,41,AIT;LATI;IT;QI;AE;TIL;LIT;AIL;LIE;ALIT;ALE;LAY;TAIL;LAITY;AL;TIE;BI;LEI;EAT;TALE;EL;LI;BY;LIB;AI;ILEA;AT;TAEL;YA;TAE;AY;LA;TILE;LAT;LEA;TALI;BIT;BIALY;TA;TI;BILE
89,3,141,0.1851,9,SLY;XU;UM;MUT;FLY;MU;VUM;UT;TUX
90,3,360,0.2311,27,MIX;SIM;MI;MIG;IVY;SIX;AS;XIS;ISM;AIMS;VIG;VIMS;XI;AIS;VIM;IS;AIM;AYS;SAY;AI;VIS;VIA;YA;AY;MIS;VISA;SI
91,3,211,0.1921,8,FRO;NO;OF;ON;NOR;OR;FOR;FON
92,3,276,0.2162,11,IF;BUB;FIB;FUJI;JIBB;KIF;FUB;JIB;BI;BUBU;KI
93,3,251,0.2127,24,WHIZ;PI;MIX;MI;HIP;HIM;WHIM;ZIN;HI;XI;NIX;WIZ;WHIN;ZIP;PIX;PIN;NIM;WIN;NIP;IN;WIMP;HIN;IMP;WHIP
94,3,158,0.1771,13,BE;BY;OM;BEY;OE;MO;MY;BYE;EM;OX;ME;YE;EX
95,3,154,0.1779,9,BO;VOX;VOW;XU;BOW;OX;WO;OW;BOX
96,3,411,0.2319,27,GYRE;ROE;BEG;ORC;BE;CRY;EBB;ROB;CYBER;REG;ORB;BY;BORE;OE;ORBY;BYRE;ORE;RE;ROBE;GYRO;OR;OBE;BO;ER;BRO;GYBE;REB
97,3,744,0.3339,80,GOT;AGO;TOGA;NET;GELS;SEL;AGES;TOG;GANE;LES;SNAG;ANGEL;ELS;TOGAE;ANGELS;SEA;NEST;GEN;TETS;GEL;LEG;NEG;GO;TENS;OE;OES;NETS;STET;TEA;SET;SEGO;TEST;TET;GOES;AG;ES;LEST;ET;GETS;LEANS;SEG;EL;ENG;ENS;EN;NAG;NE;NAE;GEST;AN;TELS;NA;LEAN;TEG;TEN;TOE;GAE;ANE;NETTS;AE;SEN;SETT;AGE;GENS;TEL;TO;TOEA;GET;ANES;GAEN;LEA;GAN;GOTTEN;EGO;LENS;LET;LETS;GAES;TOES;NETT
98,3,176,0.1876,7,SUQ;PUS;UPS;US;UP;SUP;SPY
99,3,128,0.1681,4,POX;OX;KOP;OP
100,3,330,0.2191,30,PI;PITY;IT;DIPT;PIPET;TIDY;TYPP;PIP;DITE;PIETY;ET;PIPE;TEPID;DIET;TIE;DIPPY;ID;DIT;PE;PIT;DIP;PIPY;TIP;PYX;DIE;PIE;PET;TIPPY;TYPE;TI
101,4,530,0.2434,17,TSKS;TO;ZOA;STOUT;OS;TSK;OUT;SOT;SO;ZA;TOUT;TOSS;YUTZ;UT;AZO;STOA;SOU
102,4,1463,0.4082,81,RIG;ALL;BRAIL;LAG;ALE;ELL;AR;RAI;BRIG;GYRAL;CLAG;LIAR;RAG;GEL;LEAR;LEG;LAR;LEARY;RAGI;RIAL;CRY;GAL;BRAE;CLEAR;BY;GIRL;GARB;LIB;RAGE;ARB;LAIR;LA;CLARY;GLAIR;RAIL;EARL;BRAG;LIRA;THY;GIB;AIR;GRAIL;EAR;ARGIL;LIBRA;BRA;AG;CRIB;LARI;AL;BI;BYRL;LIBRAE;EL;RIA;BIG;RIB;GALL;GLAIRY;GEAR;EGAL;GAE;LARGE;AE;AIL;AGE;ARGLE;AIRY;GALE;ARC;BIRL;GAR;LI;GLARY;RALE;AI;CRAG;THRALL;LEA;GYRI;ARIL
103,4,758,0.2733,51,PI;PIC;PITY;FARD;TIN;MY;IT;FARCI;DIPT;WYE;TIDY;YEW;CITY;AX;WE;TIC;DRAFTY;CRAFT;PITH;ARC;FAX;NIT;FAR;ME;INDRAFT;AFT;ARF;FA;PHT;DYE;PIN;AR;RAX;ID;DIT;DIN;RAFT;CRAFTY;PIT;DIP;TYE;MYTH;EMYD;NIP;TIP;IN;EM;MEW;DRAFT;TI;YE
104,4,347,0.1979,4,NTH;HUH;XU;UH
105,4,1046,0.3282,85,APO;YAWS;MIG;YAP;SAGY;IMPI;AMP;PIA;GAS;GAP;SWOP;SWAY;MIB;SAG;WOS;PAW;AMI;POWS;AY;SAMP;WAG;AM;WO;SOW;PI;MI;OS;MAY;YAW;AW;GAMB;OP;PA;POW;SWAMP;ZIP;BIMA;YAG;BY;SAY;GAY;YA;MAP;YAM;GIB;SAW;MAWS;AG;WAS;PIAS;PAM;OW;BI;MA;MAS;POI;SAP;SWAMI;BIG;SWAG;QI;SWAP;MAG;WAY;AS;OI;IAMBI;SO;IAMB;MAW;PAWS;SWAM;APOS;SOP;WOP;BIMAS;SOAP;AI;GIMP;WAP;GAMP;PAS;GAM;PAY;IMP
106,4,548,0.2373,23,GOT;GO;HI;BOT;AH;TOG;KHI;OF;TO;HAJ;AHI;FOB;KA;KIR;FOG;IRK;BO;OFT;KIRN;GOB;BOG;KI;HA
107,4,922,0.2916,50,PI;ITS;SNITS;PISS;INS;TIN;SIX;PSST;IT;HI;KNIT;XIS;HITS;THIN;HIT;NITS;INFIX;XI;FIST;SIFT;TINS;IS;KNITS;NIT;NTH;FIZ;ZIP;KHI;IF;PIX;HINT;THINK;THINS;INK;STINK;IFS;SIPS;SNIT;PSI;HINS;IN;PST;PIS;FIX;ZIPS;SIP;HIN;HINTS;TI;SI
108,4,1261,0.3693,45,IGGS;PI;GIG;RUGS;IGG;OS;POOS;RIG;GOS;GO;RIGS;JOGS;GUIRO;OI;SOGGILY;POO;GOGOS;XI;OP;JO;SO;GIP;JUG;JOG;GOOS;LI;PILY;OIL;GOGO;PIG;JIGS;POI;OUR;OR;JIGGLY;GIRO;GOO;OILY;RUG;JIG;GOOP;GOOGLY;LIP;GIGS;JUGS
109,4,734,0.271,47,WISP;DIRTS;PUTRID;GUT;DIRT;PUG;XU;WILD;UP;TUG;RIDS;TUP;GRIDS;SPUD;UTS;SILD;TUPS;WILDS;IS;LIS;DUG;DUPS;UT;LIST;TUX;LI;WIS;IDS;RID;DIRL;DIRLS;PUTS;PUTZ;ID;PUD;WIST;PSI;GRID;DUP;UPS;PUT;PST;STUD;SRI;LISP;GUTS;SI
110,4,998,0.3096,23,KI;ZAG;LO;HI;LICH;AG;KILO;VIG;LAG;CIG;ICH;CHI;HILA;VIGA;GAL;GHI;ZA;AL;LI;CHIC;LA;GAOL;HIC
111,4,849,0.2823,34,MY;OVA;BA;FRY;YO;AHOY;RYOT;YURT;TOY;TURF;AH;HAM;AB;OY;HOY;UT;BAH;AVO;OH;TURFY;TO;MA;HOT;RUT;AHA;TUT;HO;TRYMA;AM;TRY;BAM;HAO;TOT;HA
112,4,2245,0.5473,123,MOLD;LOAD;DOIT;DOT;LO;TUI;MODAL;LAMB;UH;BOT;INTO;AMIDOL;TIMID;INTUIT;ABO;OM;MOB;NU;AMI;ID;MOD;AM;IN;HUNT;DIOL;ADIT;IMIDO;BOD;MI;LAD;LOTI;HI;BOA;AMIN;TOLA;DAM;DOM;ALOIN;UNTOLD;AMBO;LAM;OLD;AMIDO;UT;TOLD;UN;IF;AD;LOT;MID;HUN;LA;NIDAL;DAB;BOLA;MOLA;TOD;MALOTI;DO;TIMBAL;IT;BA;TOMBAL;MODI;TOM;HIT;MOA;OBA;LOAM;ADO;AL;AB;BAD;TOMB;MA;DAL;IODIN;TIDAL;ODA;BAM;TOIT;BALD;LAB;TI;LOB;DINT;MOL;HIM;TIN;HID;INTOMB;DOL;MAD;DOMAL;IDOL;UNIT;OI;OMIT;MINT;IMID;NUT;AMID;NIT;LOID;BAL;FIT;HINT;TO;TUN;OD;MOT;TOAD;DIT;DIN;NIM;BO;LOIN;MO;BOLD;HUT;HIN;DIM;UNTO
113,4,488,0.2153,16,EDGY;GED;GEY;DYE;EDDY;WEDGY;DE;WED;DEW;YEW;ED;JEW;WE;DYED;YE;DEY
114,4,802,0.2688,48,TEN;DEX;TET;TENDU;TEND;JET;DUN;WYE;WYTE;ED;DUB;DEY;BUN;NET;END;WYTED;TENT;ET;NUDE;DE;LYE;TENTY;YETT;UN;WUD;BY;DEN;DYE;YEN;NETTY;WYN;EN;NE;NU;DENT;EX;TYE;DUET;DUE;JETTY;YET;NUB;BUD;JEU;TED;NETT;BUY;YE
115,4,2202,0.532,126,HADST;TUI;SHAW;SATI;AWAITS;SHADS;HATS;SKAT;AH;ADS;CUTS;HAT;HAD;TWAS;SCUTA;SAC;CATS;AT;WATS;AWASH;AWL;DATA;CASH;UTA;STAW;ASH;AA;AIT;AW;KAS;TAWS;HAWS;SHA;TAW;DHAKS;HAS;DAK;DAWT;STASH;SCATS;UT;WAT;SWATS;AD;SHAD;SAWS;WHAT;DAWTS;AAS;SAW;UTAS;HAST;AWLS;SHWA;WAITS;KAAS;IT;KATS;WAIT;SHWAS;SH;HAW;SWAT;WAS;AAHS;TAU;SAU;TAD;WAST;SCAT;TASK;AWAIT;KATAS;DAHS;CASHAWS;WAD;ASK;DHAK;DAHLS;WADS;TAS;DAW;TA;TI;HA;ITS;KATA;TSK;WHA;DAHL;SCUTS;SHAT;AS;SHAWL;CAW;DAWS;CAWS;ASCI;UTS;SKA;SCUT;WHATS;AWA;TADS;WAW;WASH;SHAWS;CUT;AI;CAT;KAT;WAWL;WITS;KA;CASHAW;WAWS;TWA;DAKS;SAT;AHS;AITS;SAD;WAWLS;DAH;AAH;WIT
116,4,413,0.213,12,PHT;OP;TO;WRY;COT;OPT;TRY;TOPH;COP;PRY;POT;TOP
117,4,1029,0.3202,44,MOR;ORMER;XU;MY;ROC;ORC;ORYX;BE;CRY;ROM;LUREX;URB;OMER;REM;ME;UN;COME;BERM;EXURB;OM;BRUX;NU;CORM;RE;OR;EX;MOC;REC;URN;RUN;LUXE;ER;MO;RULY;EM;UNRULY;COMER;REX;LURE;LUX;CORY;ERN;COR;REB
118,4,980,0.3108,76,YES;SHOE;TOE;OS;HOSES;OSE;MHO;KYES;MOSH;TOMS;MOS;SH;TOSH;SOM;TOYS;KOS;YO;TOM;YEGG;SEGS;OMS;HOSEYS;SMOKY;HM;MOSEY;SOS;ES;OHMS;TOY;SHOES;YOM;SO;SOMS;OY;OHM;OHS;HOY;HOS;EGGY;SEG;OH;OM;TO;YOK;OE;SOYS;OES;YOKS;SOT;HOT;SHMO;OYES;HOES;MOT;SOY;SHOT;MHOS;HOE;TYE;HO;SHMOES;MOSEYS;GEY;SKOSH;MO;KYE;HOYS;OSES;HOSEY;MOSK;HOSE;TOES;SKY;EGG;TYES;YE
119,4,1135,0.3343,62,REDD;RIME;EIDE;DIME;MI;DEMY;REI;RIMMED;IRED;MY;EMIR;DIED;RIDDED;ED;IMMY;MM;DEY;HM;IRE;EDDY;DID;RIM;HYDRID;DIRE;ZEK;DE;MIRE;EMMER;ZYME;DYER;HMM;REM;ME;DIMMED;DYE;DERIDED;RID;DERIDE;RED;MIR;RE;ID;IDEM;MID;REDID;RIDE;EMMY;RIMED;HYDRIDE;MED;EMYD;ER;EM;DIDY;MIDDY;DIE;REDDED;ZED;DIM;MIRED;YE;DIMMER
120,4,805,0.2732,56,FIXT;LIFTS;ITS;SLIT;TILS;SIX;IT;STILLS;SILLS;TIL;LIT;XIS;FILLS;LISTS;STILL;LIFT;TIC;FISTS;XI;FIST;SILL;SIFT;ILL;SILD;CIST;IS;LIS;FILL;TILLS;SIFTS;SIT;ILLS;LIST;CISTS;IF;FIT;LI;VIS;SILK;IFS;SIC;SLITS;SITS;FILS;VILLS;FITS;FIX;ILK;CIS;TIS;LITS;FIL;VILL;TI;TILL;SI
121,4,1548,0.4194,105,FUSELS;CULLS;LESS;OMS;BUS;ELL;SEL;BOS;LES;FOBS;MULES;SELLS;UMBOS;OM;OF;MOB;BUSES;US;MU;BULL;MOC;SCULLS;ELS;SELS;SOBFUL;COS;OS;UM;MUSES;FUB;MOS;UP;FLUB;BUSS;MUSSEL;CUPS;SELFS;BUMF;PULSES;FLUS;BUMFS;MULE;MULL;PULSE;UPS;SUB;SCULP;PULLS;PULS;SCUP;PUL;MUSSELS;COB;SOM;MULLS;ES;USES;CLUB;BUM;SUM;EL;PULL;CUP;FOB;LUM;MOBS;SELL;UMBO;FUSE;MUSE;SELF;SCULPS;FUSS;COMP;FLUBS;USE;MUSS;BULLS;MOCS;CUPSFUL;ELLS;SCUPS;COMPS;SO;SUBS;SLUM;SCULL;CULL;FLU;CLUBS;MUS;SULFO;FUBS;BO;FUSES;SLUB;FUSEL;FULL;MO;SOB;COBS;FULLS;SLUBS;ELF;ESS
122,4,1522,0.3772,96,YAWS;BOYS;SAYS;ANOAS;NOT;BOT;SWAY;AYS;YOW;ON;ABYSS;SYN;SAC;SWOON;AY;COYS;SWAYS;OOT;OCAS;WO;YAYS;NABS;NOB;TOYO;YAW;BOA;AW;YO;YOWS;WAYS;COO;BAYS;CAYS;COY;ANY;WOO;BY;COT;SAY;BONY;YA;CYTON;ANOA;SAW;NOO;BAY;CYAN;NAY;COB;ABY;BA;TOYS;WAS;NAB;TOY;TONY;AB;OY;BOYO;OW;TOBY;CON;ABS;AN;BOAS;NA;YOB;ASS;TON;BYS;CONY;ABYS;YAY;NO;BOY;SWOONY;WAY;AS;ASCOT;CAW;BAN;ANT;CAWS;YON;ASWOON;BANTY;CAY;OCA;TO;BOO;CYANO;TOO;SCOT;BO;SACS;NAYS
123,4,936,0.3054,42,GAUGE;GAUR;SWAG;GAG;XU;PUG;WOE;GO;AGO;UP;AX;AS;AW;SWAGE;AGE;AG;AGUE;WAS;SAU;GURU;RUGA;GAS;OW;SAX;WOG;WAX;OE;SAG;OUPH;SAGO;GOAS;GOA;GAGE;WAG;SAGE;SAW;EGO;RUG;AUGUR;WAUR;WO;WAGE
124,4,858,0.3004,40,LO;MHO;MY;UM;PLUMY;HEP;OHO;PEW;OLE;HE;WE;YO;PEH;LOO;HM;WHY;PLUM;OLEO;OOH;OHM;OY;HOY;PLY;PHEW;HOLY;OH;EL;OE;MU;PE;LUM;HOE;HO;HELO;WHO;EH;WHOLE;HOLE;HEW;HOOLY
125,4,548,0.2354,33,POH;OUT;HYPO;FRY;OP;URP;HYP;PHOT;TURF;POUR;FUR;UT;FURZY;HOP;TOUR;QOPH;OH;TYPY;TO;HOT;RUT;POT;OUR;TOP;HOUR;HO;TYPO;POUT;TOPH;PYX;PRY;FURY;POUF
126,4,790,0.2607,46,JABS;CAP;MY;ABY;AE;YEW;CAMP;MAC;BA;AW;CAW;AWE;WE;WAB;AMP;PA;JAM;PAM;MAW;BAP;AB;MAE;YEA;CAB;PAC;JAB;BY;MA;CABS;PAW;ABS;WAP;MAP;EX;JAW;JEW;WAE;CAM;WABS;AM;BAM;PYX;BYS;CAMPY;ABYS;YE
127,4,830,0.2792,38,SAID;AID;XU;UM;SIX;SCUM;AS;AIL;XIS;VUM;LID;DISC;SAU;XI;AIS;DAIS;SAIL;SILD;SUM;LIS;IS;DIS;CUM;SADI;LI;VIS;AI;VIA;US;AD;MU;ID;VID;MUS;JAIL;SAD;VISA;SI
128,4,1085,0.3359,40,GAUR;VAGUE;XU;RUE;GAVE;HE;VUG;AG;UH;AGUE;EURO;RUGA;CUR;VAU;HEX;CUE;OX;AVE;HUE;OH;VEX;CAVIE;AI;VIA;OR;EX;CHUG;HO;CAVE;HUG;VIE;EH;CHEZ;VICE;RUG;ECHO;RHO;ICE;GUV;VAC
129,4,493,0.2301,21,TSK;XU;TORSK;TORS;BOTS;TOR;ORTS;BOT;ROB;STOB;ORB;TO;ORT;BORT;OR;ORS;BO;BORTS;ROT;ROTS;BRO
130,4,1264,0.3462,60,NEUK;HONK;FOHN;NO;KEP;HONE;PUKE;NONE;HEP;KUNE;OHO;KEEF;UP;HE;YO;FENNY;FOH;KEF;FEN;PEH;KNEE;YON;EEK;KONK;HON;ONE;OY;PEEN;HOY;NEE;UN;ON;OH;EF;OF;PEN;NUKE;YOK;EN;NENE;NE;NU;PEE;KUE;FEU;PE;FEH;HO;FEE;PENNY;EH;KEN;FE;UKE;KEEN;NEEP;HEN;PUN;NOH;KENO
131,4,1036,0.3228,80,DEX;FART;FED;WAR;WARP;DRAT;WRAP;DE;TARE;AR;DERAT;PAW;PART;AT;PREXY;ER;FARD;TARED;AW;PA;FAT;PREX;TAW;TARP;DRY;WARD;WAT;ERA;DRAW;RED;RE;PE;EX;PARD;FARED;WARY;REF;PRY;REX;RAT;AWRY;RAW;FARL;PYRE;WARPED;PARE;FARE;DEXY;TAP;TREF;FAR;PRAT;FA;REP;RAP;WARED;TRY;DEF;FER;PED;TA;PAT;TRAP;WRY;ARE;PAR;ED;PYREX;EF;WART;ART;PARED;WAP;TWA;FE;WARE;PYX;PER;PERT;TAR
132,4,587,0.254,34,FOX;LO;IVY;TOADY;GO;HI;AX;DAFT;COL;LOG;XI;CHI;FAY;LOCH;OX;FAD;FAX;OAF;OFAY;COG;CLOG;AFT;FA;OF;TO;DAY;TOAD;AD;YA;AY;CHIVY;OFT;OXY;FOXY
133,4,2119,0.5099,140,APO;OPEN;NEAR;WET;PAVE;PAEON;MOWN;FEN;MANE;NOT;APE;TOW;LANE;TWEE;NEAP;MOTE;NAM;AFAR;ANEAR;LAX;WOMAN;ON;NOM;OM;OF;AR;RAX;MOPE;FAENA;MOW;TOP;WOT;AM;VENOM;WO;TOPEE;TEEN;FON;FANE;NOTE;MAN;AA;FOP;PEW;TEE;OP;PA;TWEEN;POW;LAM;FAX;MANO;PEEN;WEEN;NEE;PEN;OE;PEE;LA;PE;NOWT;PEA;WON;EAR;TOMAN;FOE;TOWNEE;AEON;TOPE;WOE;PENAL;TOWN;OWN;FEAR;TOM;TEPA;ET;WEEP;AVE;ONE;AL;NOMA;OW;FAR;VENAL;FA;ARF;TONE;MA;VEE;EN;NE;POT;AN;OPE;TEW;FEE;AXAL;NA;ENOW;FANO;TON;VEEP;NO;TOE;ANE;POTEEN;FRAE;EON;OWE;AE;PEON;AX;WE;NOW;PEAR;POM;FAN;TONAL;FRAENA;WOP;MAX;FEET;EF;TO;VENA;TWO;WEE;MOT;TOEA;PONE;MOP;FE;FAVE;MO;NOPE;POET;NEEP;PET;MON
134,4,283,0.1972,10,OH;SUQ;THUS;PHT;JO;THO;US;HUH;HO;UH
135,4,705,0.2615,15,AUK;FA;HAIKU;YUKKY;VAU;AI;AHI;AH;HI;HAIK;DUH;YUK;KI;HA;UH
136,4,1383,0.3791,50,MUD;XU;UM;GO;FUME;FUB;DUB;JUMBO;BUXOM;DUMBO;BUM;JO;DUO;MEOU;OX;ME;JEUX;BOMB;BOX;EMU;EF;OF;DUMB;FOU;MEG;OM;OE;MOB;GEUM;FEM;JOB;GEM;MOUE;MU;FEU;FEUD;FOG;BO;DUOMO;DUE;FE;UMBO;MO;EGO;EM;BUD;JEU;OUD;BOB;FOE
137,4,407,0.2089,13,BO;BY;BOY;KAB;KA;YOB;BA;AB;OY;CAB;YO;BOB;BACK
138,4,986,0.3128,45,REIF;DRUM;MI;REI;FUMIER;TUI;MURR;UM;XU;MUT;FUME;ERR;VUM;DURR;FIE;MUMU;BRR;MUM;URB;FIZ;MURRE;FUR;UT;ME;REM;TUX;IF;EXURB;EMU;BRUX;FUMER;TURD;RUT;RE;MU;BRUT;EX;URD;BRUME;ER;EM;REX;RUM;FUD;MUD
139,4,1419,0.406,62,KENCH;BIDI;YID;KEP;ZINE;IT;CEP;ZIN;TIL;TIDY;LICH;ZEIN;LIE;LIT;LID;ICILY;TIC;LICIT;TIDILY;BICE;ICH;PECH;DIB;ZEP;PENCIL;ZEK;LIEN;PEKIN;BID;LICE;TIE;BI;ZINC;LI;PEN;DITCH;INK;LIB;EN;KIN;NE;PEC;ITCH;ID;INCH;DIT;PE;PEIN;CEIL;BICEP;DICE;DIZEN;KEN;KINE;IDYL;TI;BITCH;IN;BIT;ICE;DIE;KI
140,4,597,0.2372,24,SLY;WIGS;MY;WIG;ISMS;ISM;MM;SYLI;SI;CWMS;IS;LIS;JISM;PLY;JISMS;LI;JIGS;SYLIS;YWIS;WILY;CWM;JIG;SWIG;WIS
141,4,321,0.1935,20,SKID;ED;GED;ET;DE;SKI;KIS;IS;DIS;IDS;ID;GET;KID;DISK;KIDS;TED;TEG;ZED;KI;SI
142,4,695,0.2734,23,ORZO;ZOOS;OS;WHOSO;OI;UH;SO;RHOS;OOH;HOS;SORE;EROS;OH;ORE;RE;OR;ZOO;HO;WHO;WHORE;ER;RHO;ORZOS
143,4,1494,0.3682,68,SLY;SLOE;LO;COLD;HOLMS;OHED;HELMS;COZ;ELD;HOLM;CLOZE;OLE;ED;HE;ELM;COL;END;COLS;ELLS;HOLLY;DELS;DELLS;LEZ;HELD;HOLDEN;DE;ELL;HELLO;DEL;HOLED;OLD;DELLY;HELM;HOLY;OH;DEN;SLED;LEND;EL;EDH;HELL;OE;HELLS;HOED;EN;HOLD;NE;LED;COLY;COZEN;HO;HOE;DELL;HELO;HOLS;EH;ELS;ELMS;COED;COLE;COLLY;HOLE;HEN;NELLY;COLED;ZED;OLDEN;DHOLE
144,4,400,0.214,14,BUSY;BY;TUBS;BUYS;TUB;BUT;SUB;US;TUT;BYS;BUTT;UT;BUY;BUS
145,4,824,0.2973,46,SUE;APSE;SPAT;BES;USE;STUPA;UP;QUEST;SPUTA;SUP;SECT;TUP;ZAP;TAPS;ZAPS;MM;BE;PUS;SPA;ES;PA;TAP;UTS;SPAZ;CESTA;TUPS;SEC;ZA;BEST;UT;UTA;US;PUTS;PUTZ;AT;PUTT;ATT;SPUE;APT;SUQ;UPS;PUT;PST;PATS;TA;PAT
146,4,304,0.1913,5,HM;BY;MY;FLY;SH
147,4,1589,0.4289,70,MOR;TOME;TOE;ROE;TUMMY;MURR;MY;UM;MUT;LEMUR;MORE;ERR;NUN;ELM;TOR;TOM;MM;YURT;ROM;NUT;MUM;TOMMY;OMER;RUMOR;MURRE;TUMOR;UT;ME;REM;UN;TORR;MOREL;TORE;EMU;EL;OM;TO;MURE;ORT;TUN;TURN;ELMY;MURRY;OE;NU;RUT;MERRY;MOT;RE;MU;ORE;RUMMER;OR;EMMY;YUM;URN;RUN;RUMMY;TUMMLER;MO;ROT;TRY;MEL;EM;ER;RUM;MUN;MORT;UMM;TREMOR
148,4,283,0.1934,7,OFT;OF;TO;VOW;WOK;WO;OW
149,4,703,0.2571,47,ISBA;BLISS;BIAS;SAID;AID;BIS;POH;SAB;SILDS;BA;AS;AIL;LID;DISS;BAIL;SIB;BILK;AIS;DIB;OP;SAIL;SILD;DIBS;IS;LIS;BID;AB;DIS;BI;BASIL;HOP;OH;LI;LIB;AI;BASS;LIBS;ABS;SILK;BAS;ID;HO;SIBS;ILK;ASS;SABS;SI
150,4,760,0.2929,46,BISE;KI;REIS;SEI;REI;MI;TSK;BIS;REVS;VIER;QI;SICS;SIVERS;SEIS;SERS;SKIMS;SIB;ES;BIER;BIERS;SKI;REV;VIERS;IS;VISES;SERF;BI;VISE;EVICT;RES;VIS;RE;SIC;EVICTS;SIVER;ERS;SIBS;VIE;BISES;ER;SERFS;SKIM;VIES;CIS;SER;SI
